area,bedrooms,bathrooms,stories,mainroad,guestroom,basement,hotwaterheating,airconditioning,parking,prefarea,furnishingstatus,price
0.3965635738831615,0.6000000000000001,0.3333333333333333,0.6666666666666667,1.0,0.0,0.0,0.0,1.0,0.6666666666666666,1.0,0.0,0.9999999999999999
0.5024054982817869,0.6000000000000001,1.0,1.0,1.0,0.0,0.0,0.0,1.0,1.0,0.0,0.0,0.9090909090909091
0.5711340206185567,0.4000000000000001,0.3333333333333333,0.3333333333333333,1.0,0.0,1.0,0.0,0.0,0.6666666666666666,1.0,0.5,0.9090909090909091
0.40206185567010305,0.6000000000000001,0.3333333333333333,0.3333333333333333,1.0,0.0,1.0,0.0,1.0,1.0,1.0,0.0,0.9060606060606061
0.3965635738831615,0.6000000000000001,0.0,0.3333333333333333,1.0,1.0,1.0,0.0,1.0,0.6666666666666666,0.0,0.0,0.8363636363636363
0.40206185567010305,0.4000000000000001,0.6666666666666667,0.0,1.0,0.0,1.0,0.0,1.0,0.6666666666666666,1.0,0.5,0.7878787878787878
0.47628865979381435,0.6000000000000001,0.6666666666666667,1.0,1.0,0.0,0.0,0.0,1.0,0.6666666666666666,1.0,0.5,0.7272727272727273
0.9999999999999998,0.8,0.6666666666666667,0.3333333333333333,1.0,0.0,0.0,0.0,0.0,0.0,0.0,1.0,0.7272727272727273
0.4432989690721649,0.6000000000000001,0.0,0.3333333333333333,1.0,1.0,1.0,0.0,1.0,0.6666666666666666,1.0,0.0,0.703030303030303
0.281786941580756,0.4000000000000001,0.3333333333333333,1.0,1.0,1.0,0.0,0.0,1.0,0.3333333333333333,1.0,1.0,0.6969696969696969
0.7938144329896906,0.4000000000000001,0.0,0.3333333333333333,1.0,0.0,1.0,0.0,1.0,0.6666666666666666,1.0,0.0,0.6969696969696969
0.29896907216494845,0.6000000000000001,0.6666666666666667,0.3333333333333333,1.0,1.0,1.0,1.0,0.0,0.6666666666666666,0.0,0.5,0.6866666666666666
0.3367697594501718,0.6000000000000001,0.3333333333333333,0.3333333333333333,1.0,0.0,0.0,0.0,1.0,0.3333333333333333,1.0,0.5,0.6545454545454545
0.12714776632302405,0.6000000000000001,0.3333333333333333,0.3333333333333333,1.0,0.0,0.0,1.0,0.0,0.6666666666666666,0.0,0.0,0.6484848484848484
0.422680412371134,0.4000000000000001,0.3333333333333333,0.3333333333333333,1.0,0.0,0.0,0.0,0.0,0.0,1.0,0.5,0.6484848484848484
0.29896907216494845,0.6000000000000001,0.0,0.3333333333333333,1.0,0.0,1.0,0.0,0.0,0.6666666666666666,0.0,0.5,0.6363636363636364
0.34020618556701027,0.6000000000000001,0.3333333333333333,0.3333333333333333,1.0,1.0,1.0,0.0,1.0,0.3333333333333333,1.0,1.0,0.6363636363636364
0.4707903780068728,0.4000000000000001,0.3333333333333333,1.0,1.0,0.0,0.0,0.0,1.0,0.6666666666666666,0.0,0.0,0.6242424242424243
0.2027491408934708,0.4000000000000001,0.3333333333333333,0.3333333333333333,1.0,1.0,0.0,0.0,1.0,0.6666666666666666,0.0,0.0,0.6181818181818182
0.32783505154639175,0.4000000000000001,0.3333333333333333,0.3333333333333333,1.0,0.0,0.0,0.0,1.0,0.3333333333333333,1.0,0.5,0.6151515151515151
0.18350515463917527,0.4000000000000001,0.0,0.3333333333333333,1.0,0.0,1.0,1.0,0.0,0.6666666666666666,0.0,0.5,0.6060606060606061
0.3783505154639175,0.4000000000000001,0.3333333333333333,0.0,1.0,1.0,1.0,0.0,1.0,0.6666666666666666,0.0,1.0,0.6
0.4398625429553264,0.4000000000000001,0.0,0.0,1.0,1.0,1.0,0.0,1.0,0.3333333333333333,0.0,0.0,0.5969696969696969
0.2,0.4000000000000001,0.3333333333333333,0.3333333333333333,1.0,1.0,1.0,0.0,1.0,0.3333333333333333,0.0,0.0,0.5969696969696969
0.49140893470790376,0.4000000000000001,0.3333333333333333,0.3333333333333333,1.0,0.0,0.0,0.0,1.0,0.6666666666666666,0.0,0.0,0.5909090909090909
0.3360824742268041,0.6000000000000001,0.3333333333333333,0.3333333333333333,1.0,1.0,1.0,0.0,1.0,0.6666666666666666,1.0,0.0,0.5878787878787879
0.29896907216494845,0.4000000000000001,0.3333333333333333,1.0,1.0,1.0,1.0,0.0,1.0,0.0,1.0,0.5,0.5812121212121212
0.49656357388316147,0.4000000000000001,0.0,0.0,1.0,0.0,0.0,0.0,0.0,0.3333333333333333,0.0,0.5,0.5757575757575758
0.43298969072164945,0.8,0.3333333333333333,0.3333333333333333,1.0,0.0,1.0,1.0,0.0,0.6666666666666666,0.0,1.0,0.5757575757575758
0.2646048109965636,0.6000000000000001,0.3333333333333333,0.3333333333333333,1.0,0.0,1.0,0.0,1.0,0.3333333333333333,1.0,0.5,0.5757575757575758
0.4003436426116838,0.4000000000000001,0.3333333333333333,1.0,1.0,0.0,0.0,0.0,1.0,0.6666666666666666,0.0,1.0,0.5757575757575758
0.3676975945017182,0.4000000000000001,0.0,1.0,1.0,0.0,0.0,0.0,1.0,0.6666666666666666,0.0,0.5,0.5757575757575758
0.2219931271477663,0.6000000000000001,0.3333333333333333,0.3333333333333333,1.0,0.0,0.0,0.0,1.0,0.3333333333333333,1.0,0.0,0.5666666666666667
0.29621993127147767,0.4000000000000001,0.6666666666666667,0.3333333333333333,1.0,1.0,1.0,0.0,0.0,0.3333333333333333,0.0,1.0,0.5575757575757576
0.356701030927835,0.8,0.0,0.3333333333333333,1.0,1.0,1.0,0.0,1.0,0.3333333333333333,0.0,0.0,0.5515151515151515
0.3676975945017182,0.4000000000000001,0.3333333333333333,1.0,1.0,0.0,0.0,0.0,1.0,0.6666666666666666,0.0,0.0,0.5481333333333334
0.40082474226804116,0.4000000000000001,0.3333333333333333,0.6666666666666667,1.0,0.0,0.0,1.0,0.0,0.3333333333333333,1.0,0.0,0.5448484848484848
0.5051546391752577,0.6000000000000001,0.3333333333333333,1.0,1.0,0.0,0.0,0.0,1.0,0.6666666666666666,0.0,0.0,0.5393939393939394
0.29896907216494845,0.4000000000000001,0.0,1.0,1.0,1.0,0.0,0.0,1.0,0.6666666666666666,0.0,1.0,0.5378787878787878
0.29896907216494845,0.6000000000000001,0.3333333333333333,1.0,1.0,0.0,0.0,0.0,1.0,0.3333333333333333,0.0,0.5,0.5333333333333333
0.3367697594501718,0.4000000000000001,0.0,0.3333333333333333,1.0,0.0,1.0,0.0,1.0,0.0,1.0,0.0,0.5303030303030303
0.3237113402061855,0.4000000000000001,0.3333333333333333,1.0,1.0,0.0,0.0,0.0,1.0,0.0,1.0,0.0,0.5272727272727272
0.3319587628865979,0.4000000000000001,0.3333333333333333,1.0,1.0,0.0,0.0,0.0,1.0,0.6666666666666666,0.0,1.0,0.5151515151515151
0.29896907216494845,0.6000000000000001,0.3333333333333333,1.0,1.0,0.0,0.0,0.0,0.0,0.6666666666666666,0.0,0.5,0.5151515151515151
0.29896907216494845,0.6000000000000001,0.3333333333333333,1.0,1.0,0.0,0.0,0.0,1.0,0.3333333333333333,0.0,0.0,0.503030303030303
0.29896907216494845,0.4000000000000001,0.3333333333333333,0.6666666666666667,1.0,0.0,0.0,0.0,1.0,0.0,0.0,0.5,0.503030303030303
0.29896907216494845,0.4000000000000001,0.3333333333333333,1.0,1.0,0.0,0.0,0.0,1.0,0.3333333333333333,0.0,0.0,0.5
0.34020618556701027,0.4000000000000001,0.0,1.0,1.0,0.0,0.0,0.0,1.0,1.0,1.0,0.0,0.49696969696969695
0.18213058419243983,0.4000000000000001,0.3333333333333333,0.3333333333333333,1.0,0.0,1.0,0.0,0.0,0.3333333333333333,0.0,1.0,0.4939393939393939
0.3979381443298969,0.4000000000000001,0.3333333333333333,0.0,1.0,1.0,1.0,0.0,1.0,0.0,1.0,0.5,0.49090909090909085
0.3979381443298969,0.4000000000000001,0.3333333333333333,1.0,1.0,0.0,0.0,0.0,0.0,0.3333333333333333,1.0,1.0,0.49090909090909085
0.3213058419243986,0.4000000000000001,0.0,1.0,1.0,0.0,0.0,0.0,1.0,0.3333333333333333,0.0,1.0,0.49090909090909085
0.29896907216494845,0.6000000000000001,0.3333333333333333,1.0,1.0,1.0,0.0,0.0,1.0,0.3333333333333333,0.0,0.0,0.48484848484848486
0.24054982817869414,0.4000000000000001,0.3333333333333333,1.0,1.0,0.0,0.0,0.0,1.0,0.6666666666666666,0.0,0.5,0.48484848484848486
0.29896907216494845,0.4000000000000001,0.3333333333333333,0.3333333333333333,1.0,1.0,0.0,0.0,1.0,0.3333333333333333,0.0,0.5,0.48484848484848486
0.29896907216494845,0.4000000000000001,0.0,0.3333333333333333,1.0,0.0,0.0,0.0,1.0,0.3333333333333333,0.0,1.0,0.48484848484848486
0.672852233676976,0.6000000000000001,0.0,0.3333333333333333,1.0,0.0,1.0,0.0,0.0,0.3333333333333333,1.0,0.5,0.48424242424242425
0.5051546391752577,0.6000000000000001,0.3333333333333333,1.0,1.0,1.0,0.0,0.0,1.0,0.3333333333333333,1.0,0.0,0.4757575757575757
0.41443298969072156,0.6000000000000001,0.3333333333333333,1.0,1.0,1.0,0.0,0.0,1.0,0.3333333333333333,0.0,0.5,0.4727272727272728
0.29896907216494845,0.4000000000000001,0.3333333333333333,1.0,1.0,1.0,0.0,0.0,1.0,0.3333333333333333,0.0,0.0,0.4727272727272728
0.29896907216494845,0.4000000000000001,0.3333333333333333,0.3333333333333333,1.0,1.0,0.0,0.0,0.0,0.3333333333333333,0.0,0.5,0.4666666666666667
0.4969072164948453,0.2,0.0,0.0,1.0,0.0,0.0,0.0,1.0,0.3333333333333333,0.0,0.5,0.4606060606060606
0.3154639175257732,0.6000000000000001,0.3333333333333333,0.3333333333333333,1.0,0.0,0.0,0.0,1.0,0.3333333333333333,0.0,0.0,0.4606060606060606
0.3237113402061855,0.6000000000000001,0.3333333333333333,0.6666666666666667,1.0,0.0,0.0,0.0,1.0,0.6666666666666666,1.0,0.0,0.4575757575757575
0.6546391752577319,0.4000000000000001,0.0,0.0,1.0,0.0,1.0,0.0,1.0,0.3333333333333333,1.0,0.0,0.4545454545454546
0.4969072164948453,0.4000000000000001,0.3333333333333333,0.3333333333333333,1.0,0.0,1.0,0.0,1.0,0.3333333333333333,0.0,0.0,0.4484848484848485
0.7938144329896906,0.2,0.0,0.0,1.0,0.0,1.0,1.0,0.0,0.3333333333333333,0.0,0.0,0.4484848484848485
0.41580756013745707,0.4000000000000001,0.3333333333333333,0.0,1.0,0.0,0.0,0.0,0.0,0.6666666666666666,0.0,1.0,0.44545454545454544
0.29896907216494845,0.4000000000000001,0.0,0.0,1.0,0.0,0.0,0.0,1.0,0.3333333333333333,0.0,0.0,0.4424242424242424
0.7175257731958762,0.6000000000000001,0.3333333333333333,0.3333333333333333,1.0,0.0,0.0,0.0,0.0,0.6666666666666666,1.0,0.0,0.4363636363636364
0.16151202749140892,0.4000000000000001,0.3333333333333333,0.3333333333333333,1.0,0.0,1.0,0.0,1.0,0.0,1.0,0.5,0.4363636363636364
0.29896907216494845,0.6000000000000001,0.3333333333333333,1.0,1.0,0.0,0.0,0.0,1.0,0.0,0.0,1.0,0.43333333333333335
0.2316151202749141,0.4000000000000001,0.0,1.0,1.0,0.0,0.0,0.0,1.0,0.0,1.0,1.0,0.4303030303030303
0.34020618556701027,0.2,0.3333333333333333,1.0,1.0,0.0,1.0,0.0,0.0,0.0,1.0,0.0,0.42727272727272725
0.1642611683848797,0.4000000000000001,0.0,0.3333333333333333,1.0,0.0,1.0,1.0,0.0,0.3333333333333333,0.0,0.0,0.4242424242424242
0.17938144329896905,0.6000000000000001,0.3333333333333333,0.3333333333333333,1.0,0.0,0.0,1.0,0.0,0.0,0.0,0.5,0.4242424242424242
0.32783505154639175,0.4000000000000001,0.3333333333333333,0.6666666666666667,1.0,0.0,0.0,0.0,1.0,0.0,1.0,0.0,0.4242424242424242
0.3333333333333333,0.4000000000000001,0.3333333333333333,0.6666666666666667,1.0,0.0,0.0,0.0,1.0,0.0,1.0,0.0,0.4242424242424242
0.2783505154639175,0.4000000000000001,0.0,0.0,1.0,1.0,1.0,0.0,1.0,0.6666666666666666,1.0,0.0,0.4242424242424242
0.29896907216494845,0.4000000000000001,0.3333333333333333,0.6666666666666667,1.0,1.0,0.0,0.0,1.0,0.0,0.0,0.0,0.4242424242424242
0.29896907216494845,0.4000000000000001,0.0,0.3333333333333333,1.0,0.0,0.0,1.0,0.0,0.3333333333333333,1.0,0.5,0.42242424242424237
0.16151202749140892,0.4000000000000001,0.3333333333333333,0.3333333333333333,1.0,0.0,1.0,0.0,1.0,0.3333333333333333,0.0,0.5,0.42121212121212126
0.6082474226804124,0.4000000000000001,0.3333333333333333,0.0,1.0,0.0,1.0,0.0,1.0,0.3333333333333333,1.0,0.0,0.42121212121212126
0.29896907216494845,0.4000000000000001,0.3333333333333333,1.0,1.0,0.0,0.0,0.0,1.0,0.0,0.0,0.5,0.4181818181818182
0.14501718213058418,0.4000000000000001,0.0,0.3333333333333333,1.0,0.0,0.0,1.0,0.0,0.6666666666666666,0.0,0.5,0.4121212121212121
0.4536082474226804,0.4000000000000001,0.3333333333333333,0.6666666666666667,1.0,0.0,0.0,0.0,1.0,0.0,0.0,0.0,0.4121212121212121
0.3450171821305842,0.4000000000000001,0.0,0.6666666666666667,1.0,0.0,1.0,0.0,0.0,0.0,1.0,1.0,0.4121212121212121
0.15876288659793814,0.4000000000000001,0.0,0.0,1.0,0.0,1.0,0.0,0.0,0.6666666666666666,0.0,0.5,0.40909090909090906
0.3958762886597938,0.4000000000000001,0.0,0.0,1.0,1.0,1.0,0.0,1.0,0.6666666666666666,1.0,1.0,0.40909090909090906
0.47628865979381435,0.8,0.6666666666666667,0.3333333333333333,1.0,0.0,0.0,0.0,0.0,0.6666666666666666,0.0,0.0,0.406060606060606
0.23024054982817865,0.4000000000000001,0.0,0.3333333333333333,1.0,0.0,0.0,0.0,1.0,0.0,0.0,0.5,0.406060606060606
0.35051546391752575,0.2,0.0,0.0,1.0,1.0,1.0,0.0,0.0,0.6666666666666666,1.0,0.0,0.4042424242424243
0.21649484536082475,0.4000000000000001,0.3333333333333333,1.0,1.0,1.0,0.0,0.0,1.0,0.0,0.0,0.0,0.40303030303030307
0.38144329896907214,0.4000000000000001,0.3333333333333333,0.0,1.0,0.0,1.0,0.0,1.0,1.0,0.0,0.5,0.3939393939393939
0.29896907216494845,0.6000000000000001,0.3333333333333333,1.0,1.0,0.0,0.0,0.0,0.0,0.3333333333333333,0.0,0.5,0.3939393939393939
0.16838487972508592,0.4000000000000001,0.3333333333333333,0.6666666666666667,1.0,0.0,0.0,0.0,1.0,0.6666666666666666,0.0,0.5,0.3939393939393939
0.5051546391752577,0.4000000000000001,0.0,0.0,1.0,0.0,1.0,0.0,0.0,0.3333333333333333,1.0,0.0,0.3939393939393939
0.32646048109965636,0.4000000000000001,0.0,0.0,1.0,1.0,1.0,0.0,1.0,0.3333333333333333,1.0,0.5,0.3939393939393939
0.34020618556701027,0.4000000000000001,0.3333333333333333,0.6666666666666667,1.0,0.0,0.0,0.0,1.0,0.0,1.0,1.0,0.3933333333333333
0.29896907216494845,0.6000000000000001,0.0,0.6666666666666667,1.0,1.0,1.0,0.0,0.0,0.0,1.0,1.0,0.3909090909090909
0.34020618556701027,0.4000000000000001,0.3333333333333333,0.0,1.0,0.0,1.0,0.0,1.0,0.0,1.0,1.0,0.3878787878787878
0.2646048109965636,0.4000000000000001,0.0,0.6666666666666667,1.0,0.0,0.0,0.0,0.0,0.3333333333333333,1.0,1.0,0.3878787878787878
0.2646048109965636,0.4000000000000001,0.3333333333333333,1.0,1.0,1.0,0.0,0.0,1.0,0.3333333333333333,0.0,0.5,0.3848484848484849
0.32302405498281783,0.4000000000000001,0.3333333333333333,0.6666666666666667,1.0,1.0,0.0,0.0,1.0,0.0,0.0,0.0,0.3848484848484849
0.2646048109965636,0.4000000000000001,0.3333333333333333,0.0,1.0,1.0,1.0,0.0,0.0,0.6666666666666666,1.0,0.0,0.3848484848484849
0.19587628865979378,0.4000000000000001,0.0,1.0,1.0,0.0,0.0,0.0,1.0,0.0,0.0,1.0,0.38181818181818183
0.26116838487972505,0.6000000000000001,0.3333333333333333,0.0,1.0,0.0,1.0,0.0,1.0,0.0,1.0,0.5,0.38181818181818183
0.32783505154639175,0.4000000000000001,0.0,0.6666666666666667,1.0,0.0,1.0,0.0,0.0,0.0,1.0,1.0,0.3787878787878788
0.10927835051546392,0.6000000000000001,0.0,0.6666666666666667,1.0,0.0,0.0,0.0,0.0,0.3333333333333333,0.0,0.5,0.3772727272727273
0.3412371134020618,0.6000000000000001,0.3333333333333333,0.3333333333333333,1.0,1.0,0.0,1.0,0.0,0.3333333333333333,0.0,0.5,0.37575757575757573
0.34020618556701027,0.4000000000000001,0.0,0.0,1.0,1.0,1.0,0.0,0.0,0.6666666666666666,1.0,0.5,0.37575757575757573
0.46199312714776625,0.4000000000000001,0.0,0.6666666666666667,1.0,0.0,0.0,0.0,1.0,0.6666666666666666,0.0,1.0,0.37575757575757573
0.18213058419243983,1.0000000000000002,0.3333333333333333,0.3333333333333333,1.0,0.0,0.0,0.0,0.0,0.0,0.0,0.0,0.3751515151515151
0.547766323024055,0.4000000000000001,0.0,0.0,1.0,0.0,1.0,0.0,0.0,0.6666666666666666,1.0,0.0,0.3751515151515151
0.3539518900343642,0.2,0.0,0.0,1.0,1.0,1.0,0.0,0.0,0.6666666666666666,0.0,0.0,0.36969696969696975
0.4364261168384879,0.4000000000000001,0.0,0.0,1.0,1.0,1.0,0.0,1.0,0.6666666666666666,1.0,0.5,0.36969696969696975
0.36082474226804123,0.4000000000000001,0.3333333333333333,0.0,1.0,1.0,1.0,0.0,0.0,0.0,1.0,1.0,0.36969696969696975
0.140893470790378,0.6000000000000001,0.0,0.3333333333333333,1.0,1.0,0.0,0.0,1.0,0.0,0.0,0.0,0.36363636363636365
0.32783505154639175,0.4000000000000001,0.0,0.0,1.0,0.0,1.0,0.0,1.0,0.0,1.0,0.0,0.36363636363636365
0.3690721649484536,0.4000000000000001,0.0,0.0,1.0,0.0,1.0,0.0,1.0,0.6666666666666666,1.0,0.5,0.36363636363636365
0.3360824742268041,0.4000000000000001,0.0,0.0,1.0,1.0,1.0,0.0,0.0,0.6666666666666666,1.0,0.0,0.36363636363636365
0.383573883161512,0.4000000000000001,0.0,0.3333333333333333,1.0,1.0,1.0,0.0,1.0,0.0,1.0,0.5,0.36363636363636365
0.3164261168384879,0.6000000000000001,0.3333333333333333,0.0,1.0,0.0,1.0,0.0,0.0,0.3333333333333333,1.0,0.5,0.36363636363636365
0.38969072164948454,0.6000000000000001,0.3333333333333333,0.3333333333333333,1.0,0.0,0.0,0.0,0.0,0.0,0.0,0.0,0.36363636363636365
0.33505154639175255,0.4000000000000001,0.3333333333333333,1.0,1.0,0.0,0.0,0.0,0.0,0.3333333333333333,0.0,0.0,0.36363636363636365
0.9587628865979381,0.4000000000000001,0.0,0.0,1.0,0.0,0.0,0.0,1.0,0.6666666666666666,0.0,0.5,0.36303030303030304
0.37869415807560136,0.4000000000000001,0.0,0.0,1.0,0.0,1.0,0.0,0.0,0.6666666666666666,1.0,1.0,0.35757575757575755
0.3333333333333333,0.4000000000000001,0.3333333333333333,0.6666666666666667,1.0,0.0,0.0,0.0,1.0,0.0,0.0,1.0,0.35757575757575755
0.2646048109965636,0.4000000000000001,0.0,0.6666666666666667,1.0,1.0,0.0,0.0,1.0,0.3333333333333333,0.0,0.0,0.35696969696969694
0.6742268041237114,0.4000000000000001,0.0,0.6666666666666667,1.0,0.0,0.0,0.0,0.0,0.6666666666666666,1.0,0.5,0.35696969696969694
0.21649484536082475,0.4000000000000001,0.0,0.0,1.0,1.0,1.0,0.0,0.0,0.0,0.0,1.0,0.3563636363636363
0.287147766323024,0.6000000000000001,0.0,1.0,1.0,1.0,0.0,0.0,0.0,0.0,0.0,0.5,0.35151515151515156
0.2439862542955326,0.4000000000000001,0.0,0.6666666666666667,1.0,0.0,0.0,0.0,1.0,0.0,0.0,0.5,0.35151515151515156
0.21649484536082475,0.4000000000000001,0.0,0.6666666666666667,1.0,0.0,0.0,0.0,1.0,0.0,0.0,1.0,0.35151515151515156
0.3676975945017182,0.4000000000000001,0.0,0.0,1.0,0.0,1.0,0.0,0.0,0.6666666666666666,1.0,0.5,0.35090909090909095
0.29896907216494845,0.4000000000000001,0.3333333333333333,1.0,1.0,0.0,0.0,0.0,1.0,0.0,0.0,1.0,0.3484848484848485
0.25773195876288657,0.6000000000000001,0.3333333333333333,0.3333333333333333,1.0,0.0,0.0,0.0,1.0,0.6666666666666666,0.0,1.0,0.34545454545454546
0.20549828178694157,0.6000000000000001,0.0,0.3333333333333333,1.0,0.0,0.0,0.0,0.0,0.3333333333333333,0.0,0.5,0.34545454545454546
0.23024054982817865,0.4000000000000001,0.0,0.6666666666666667,1.0,0.0,0.0,0.0,1.0,0.0,0.0,0.5,0.34545454545454546
0.3237113402061855,0.4000000000000001,0.0,0.0,1.0,1.0,1.0,0.0,1.0,0.6666666666666666,1.0,0.0,0.34545454545454546
0.2852233676975945,0.4000000000000001,0.3333333333333333,1.0,1.0,0.0,0.0,0.0,1.0,0.0,0.0,1.0,0.34545454545454546
0.3443298969072165,0.6000000000000001,0.3333333333333333,0.3333333333333333,1.0,1.0,1.0,0.0,0.0,0.3333333333333333,1.0,0.5,0.3378787878787879
0.6082474226804124,0.6000000000000001,0.3333333333333333,0.3333333333333333,1.0,0.0,0.0,0.0,0.0,0.3333333333333333,0.0,0.5,0.33333333333333326
0.21649484536082475,0.8,0.3333333333333333,0.6666666666666667,0.0,0.0,1.0,1.0,0.0,0.0,0.0,1.0,0.33333333333333326
0.20962199312714774,0.6000000000000001,0.0,0.3333333333333333,1.0,1.0,1.0,0.0,1.0,0.3333333333333333,0.0,0.0,0.33333333333333326
0.23024054982817865,0.4000000000000001,0.0,1.0,1.0,0.0,0.0,0.0,0.0,0.0,0.0,0.0,0.33333333333333326
0.6082474226804124,0.2,0.0,0.0,1.0,0.0,0.0,0.0,0.0,0.3333333333333333,0.0,0.5,0.33333333333333326
0.2646048109965636,0.4000000000000001,0.3333333333333333,0.3333333333333333,1.0,0.0,0.0,0.0,0.0,0.3333333333333333,0.0,0.5,0.33333333333333326
0.3237113402061855,0.4000000000000001,0.0,0.6666666666666667,1.0,0.0,0.0,0.0,0.0,0.0,1.0,0.5,0.33333333333333326
0.34020618556701027,0.6000000000000001,0.3333333333333333,0.0,1.0,0.0,1.0,0.0,0.0,0.0,1.0,0.5,0.33333333333333326
0.23958762886597934,0.4000000000000001,0.0,0.3333333333333333,1.0,1.0,1.0,0.0,1.0,0.0,1.0,1.0,0.33333333333333326
0.18900343642611683,0.6000000000000001,0.0,0.3333333333333333,1.0,0.0,0.0,0.0,1.0,0.6666666666666666,1.0,0.5,0.3303030303030303
0.25773195876288657,0.8,0.0,0.3333333333333333,1.0,1.0,1.0,0.0,1.0,0.0,1.0,0.0,0.3303030303030303
0.11340206185567009,0.4000000000000001,0.6666666666666667,0.3333333333333333,1.0,0.0,1.0,0.0,0.0,0.0,0.0,0.5,0.32727272727272727
0.13745704467353953,0.4000000000000001,0.3333333333333333,0.3333333333333333,1.0,0.0,0.0,0.0,0.0,0.6666666666666666,0.0,0.5,0.32727272727272727
0.3058419243986254,0.4000000000000001,0.3333333333333333,0.0,1.0,0.0,1.0,0.0,0.0,0.6666666666666666,1.0,0.0,0.32727272727272727
0.36082474226804123,0.4000000000000001,0.0,0.0,1.0,1.0,1.0,0.0,0.0,0.0,1.0,0.5,0.32666666666666666
0.08020618556701031,0.6000000000000001,0.3333333333333333,0.3333333333333333,0.0,1.0,1.0,0.0,0.0,0.3333333333333333,0.0,0.0,0.3242424242424242
0.43505154639175253,0.4000000000000001,0.0,0.0,1.0,0.0,0.0,0.0,0.0,0.6666666666666666,0.0,0.5,0.3242424242424242
0.10309278350515463,0.4000000000000001,0.3333333333333333,0.0,1.0,1.0,1.0,0.0,1.0,0.0,0.0,0.0,0.32121212121212117
0.3134020618556701,0.6000000000000001,0.0,1.0,1.0,1.0,0.0,0.0,1.0,0.0,0.0,0.0,0.32121212121212117
0.3058419243986254,0.4000000000000001,0.0,0.6666666666666667,1.0,1.0,0.0,0.0,1.0,0.0,1.0,0.5,0.32121212121212117
0.34020618556701027,0.6000000000000001,0.3333333333333333,0.3333333333333333,1.0,1.0,1.0,0.0,0.0,0.0,1.0,0.5,0.32121212121212117
0.35567010309278346,0.4000000000000001,0.0,0.0,1.0,1.0,1.0,0.0,1.0,0.0,1.0,0.5,0.3181818181818181
0.34776632302405497,0.4000000000000001,0.3333333333333333,0.3333333333333333,1.0,1.0,1.0,0.0,0.0,0.3333333333333333,1.0,0.0,0.31515151515151507
0.32989690721649484,0.4000000000000001,0.3333333333333333,0.0,1.0,1.0,1.0,1.0,0.0,0.0,0.0,1.0,0.3145454545454546
0.422680412371134,0.4000000000000001,0.0,0.0,1.0,0.0,1.0,0.0,1.0,0.6666666666666666,1.0,1.0,0.3090909090909091
0.2027491408934708,0.2,0.3333333333333333,0.0,1.0,0.0,0.0,0.0,1.0,0.6666666666666666,0.0,0.5,0.30606060606060603
0.17938144329896905,0.6000000000000001,0.0,0.3333333333333333,1.0,0.0,1.0,0.0,1.0,0.0,0.0,0.0,0.303030303030303
0.3360824742268041,0.6000000000000001,0.3333333333333333,0.3333333333333333,0.0,0.0,0.0,0.0,1.0,0.0,0.0,0.5,0.303030303030303
0.2646048109965636,0.4000000000000001,0.3333333333333333,0.0,1.0,0.0,1.0,0.0,0.0,0.0,0.0,0.5,0.303030303030303
0.5923711340206186,0.4000000000000001,0.0,0.0,1.0,0.0,0.0,0.0,0.0,0.3333333333333333,1.0,0.5,0.303030303030303
0.46391752577319584,0.4000000000000001,0.0,0.3333333333333333,1.0,1.0,1.0,0.0,1.0,0.6666666666666666,1.0,1.0,0.303030303030303
0.2508591065292096,0.6000000000000001,0.3333333333333333,0.0,1.0,0.0,0.0,0.0,1.0,0.0,1.0,1.0,0.303030303030303
0.14776632302405496,0.4000000000000001,0.0,0.3333333333333333,1.0,1.0,1.0,0.0,0.0,0.3333333333333333,1.0,1.0,0.303030303030303
0.5601374570446735,0.6000000000000001,0.3333333333333333,0.3333333333333333,1.0,1.0,0.0,0.0,0.0,0.6666666666666666,0.0,0.5,0.303030303030303
0.4721649484536082,0.4000000000000001,0.0,0.0,1.0,0.0,0.0,0.0,1.0,0.6666666666666666,0.0,0.0,0.303030303030303
0.3024054982817869,0.4000000000000001,0.0,0.0,1.0,0.0,1.0,0.0,0.0,0.0,1.0,0.5,0.3024242424242424
0.3735395189003436,0.4000000000000001,0.0,0.0,1.0,1.0,1.0,0.0,0.0,0.6666666666666666,1.0,0.5,0.30121212121212115
0.10515463917525772,0.4000000000000001,0.3333333333333333,0.3333333333333333,1.0,0.0,0.0,0.0,0.0,0.6666666666666666,0.0,0.5,0.29999999999999993
0.19587628865979378,0.6000000000000001,0.3333333333333333,0.0,0.0,0.0,1.0,0.0,1.0,0.6666666666666666,0.0,0.5,0.29999999999999993
0.38144329896907214,0.4000000000000001,0.0,0.3333333333333333,1.0,1.0,1.0,0.0,0.0,0.3333333333333333,1.0,0.0,0.29999999999999993
0.12096219931271476,0.4000000000000001,0.0,0.3333333333333333,0.0,0.0,0.0,0.0,1.0,0.0,0.0,0.5,0.29393939393939394
0.43505154639175253,0.4000000000000001,0.0,0.0,1.0,0.0,0.0,0.0,0.0,0.3333333333333333,1.0,0.5,0.29393939393939394
0.09278350515463918,0.4000000000000001,0.3333333333333333,0.3333333333333333,1.0,1.0,1.0,0.0,0.0,0.0,0.0,0.0,0.2909090909090909
0.09278350515463918,0.4000000000000001,0.0,0.3333333333333333,1.0,0.0,1.0,0.0,0.0,0.0,0.0,1.0,0.2909090909090909
0.6707903780068729,0.2,0.0,0.3333333333333333,1.0,0.0,0.0,0.0,0.0,0.0,1.0,0.0,0.2909090909090909
0.3058419243986254,0.4000000000000001,0.0,0.0,1.0,0.0,1.0,0.0,1.0,0.0,1.0,0.5,0.2909090909090909
0.2797250859106529,0.2,0.0,0.3333333333333333,1.0,0.0,0.0,0.0,1.0,0.0,1.0,1.0,0.28787878787878785
0.12989690721649483,0.2,0.0,0.0,0.0,1.0,1.0,0.0,0.0,0.0,0.0,0.5,0.2848484848484848
0.40893470790378,0.6000000000000001,0.0,0.3333333333333333,1.0,0.0,0.0,0.0,1.0,0.6666666666666666,0.0,0.0,0.2848484848484848
0.6219931271477663,0.4000000000000001,0.0,0.3333333333333333,1.0,1.0,1.0,0.0,0.0,0.0,0.0,0.5,0.2848484848484848
0.34020618556701027,0.4000000000000001,0.0,0.0,1.0,1.0,1.0,0.0,0.0,0.0,1.0,0.0,0.2848484848484848
0.21649484536082475,0.2,0.0,0.0,1.0,1.0,1.0,0.0,0.0,0.0,0.0,0.5,0.2842424242424242
0.44673539518900346,0.4000000000000001,0.3333333333333333,0.0,1.0,1.0,1.0,0.0,0.0,0.0,0.0,0.5,0.28181818181818175
0.18969072164948453,0.6000000000000001,0.6666666666666667,0.3333333333333333,1.0,0.0,1.0,0.0,0.0,0.6666666666666666,0.0,0.5,0.2787878787878788
0.41484536082474227,0.4000000000000001,0.0,0.0,1.0,1.0,1.0,1.0,0.0,0.0,0.0,0.5,0.2787878787878788
0.07903780068728522,0.4000000000000001,0.3333333333333333,0.3333333333333333,0.0,0.0,1.0,0.0,1.0,0.3333333333333333,0.0,0.5,0.2775757575757576
0.2953951890034364,0.4000000000000001,0.0,0.3333333333333333,1.0,0.0,0.0,0.0,1.0,0.0,0.0,0.5,0.27575757575757576
0.17525773195876287,0.4000000000000001,0.0,0.3333333333333333,1.0,0.0,0.0,0.0,0.0,0.3333333333333333,0.0,0.0,0.2733333333333333
0.19725085910652917,0.4000000000000001,0.0,0.3333333333333333,1.0,0.0,1.0,0.0,1.0,0.0,0.0,0.5,0.2727272727272727
0.16804123711340208,0.4000000000000001,0.0,0.3333333333333333,0.0,1.0,1.0,0.0,1.0,0.0,0.0,0.5,0.2727272727272727
0.1697594501718213,0.2,0.0,0.0,1.0,0.0,1.0,0.0,0.0,0.3333333333333333,0.0,0.5,0.2727272727272727
0.25773195876288657,0.6000000000000001,0.0,0.3333333333333333,1.0,0.0,0.0,0.0,0.0,0.0,0.0,0.5,0.2727272727272727
0.2144329896907216,0.4000000000000001,0.0,0.0,1.0,1.0,1.0,0.0,0.0,0.0,0.0,0.5,0.2727272727272727
0.31958762886597936,0.4000000000000001,0.0,0.0,1.0,0.0,0.0,0.0,1.0,0.6666666666666666,0.0,0.5,0.2727272727272727
0.2852233676975945,0.2,0.0,0.0,1.0,1.0,1.0,0.0,1.0,0.0,0.0,0.5,0.2727272727272727
0.09278350515463918,0.4000000000000001,0.0,0.3333333333333333,1.0,0.0,1.0,0.0,1.0,0.0,0.0,0.5,0.2727272727272727
0.0907216494845361,0.4000000000000001,0.0,0.6666666666666667,1.0,0.0,0.0,0.0,0.0,0.0,0.0,0.5,0.2727272727272727
0.34845360824742266,0.4000000000000001,0.0,0.0,1.0,0.0,0.0,0.0,0.0,0.0,0.0,1.0,0.2727272727272727
0.20591065292096217,0.4000000000000001,0.0,0.3333333333333333,1.0,1.0,1.0,0.0,0.0,0.6666666666666666,0.0,0.5,0.2727272727272727
0.7731958762886597,0.4000000000000001,0.0,0.0,1.0,0.0,0.0,0.0,0.0,0.6666666666666666,0.0,0.0,0.2727272727272727
0.12164948453608246,0.6000000000000001,0.3333333333333333,0.3333333333333333,1.0,0.0,1.0,0.0,1.0,0.6666666666666666,0.0,0.5,0.2721212121212121
0.2298969072164948,0.6000000000000001,0.3333333333333333,0.0,1.0,0.0,1.0,0.0,0.0,0.0,0.0,0.5,0.2721212121212121
0.18556701030927836,0.2,0.0,0.0,1.0,0.0,1.0,0.0,0.0,0.0,0.0,1.0,0.26969696969696966
0.1725085910652921,0.4000000000000001,0.0,0.6666666666666667,1.0,0.0,0.0,0.0,0.0,0.0,0.0,1.0,0.2666666666666666
0.3017182130584192,0.4000000000000001,0.0,0.0,1.0,0.0,0.0,0.0,0.0,0.6666666666666666,1.0,0.5,0.2666666666666666
0.35821305841924395,0.4000000000000001,0.0,0.3333333333333333,1.0,0.0,0.0,0.0,1.0,0.6666666666666666,1.0,0.0,0.2666666666666666
0.2175257731958763,0.2,0.0,0.0,1.0,0.0,0.0,0.0,1.0,0.0,1.0,0.5,0.2666666666666666
0.3676975945017182,0.4000000000000001,0.0,0.3333333333333333,1.0,0.0,1.0,0.0,0.0,0.0,0.0,1.0,0.26363636363636356
0.4432989690721649,0.6000000000000001,0.0,1.0,1.0,0.0,1.0,0.0,1.0,0.6666666666666666,0.0,0.5,0.26363636363636356
0.12164948453608246,0.6000000000000001,0.3333333333333333,0.3333333333333333,1.0,0.0,0.0,0.0,0.0,0.0,0.0,0.5,0.26121212121212123
0.5165635738831615,0.2,0.0,0.0,1.0,0.0,1.0,0.0,1.0,0.6666666666666666,0.0,0.5,0.2606060606060606
0.32103092783505155,0.4000000000000001,0.0,0.3333333333333333,1.0,0.0,1.0,0.0,1.0,0.3333333333333333,0.0,0.0,0.2606060606060606
0.5903780068728521,0.2,0.0,0.0,1.0,0.0,0.0,0.0,1.0,0.6666666666666666,1.0,1.0,0.2606060606060606
0.32920962199312714,0.2,0.0,0.0,1.0,0.0,0.0,0.0,1.0,1.0,0.0,0.5,0.26
0.24192439862542953,0.4000000000000001,0.0,1.0,1.0,0.0,0.0,0.0,1.0,0.0,0.0,0.5,0.2545454545454545
0.29896907216494845,0.2,0.0,0.0,1.0,0.0,1.0,0.0,1.0,0.3333333333333333,0.0,0.0,0.2545454545454545
0.1360824742268041,0.4000000000000001,0.0,0.3333333333333333,1.0,0.0,0.0,0.0,0.0,0.6666666666666666,0.0,0.5,0.2545454545454545
0.5509965635738832,0.6000000000000001,0.3333333333333333,0.3333333333333333,1.0,1.0,1.0,0.0,0.0,0.3333333333333333,0.0,0.5,0.2545454545454545
0.25773195876288657,0.2,0.0,0.3333333333333333,1.0,0.0,0.0,0.0,0.0,0.0,1.0,0.5,0.2545454545454545
0.18350515463917527,0.4000000000000001,0.0,0.0,1.0,0.0,0.0,0.0,0.0,0.0,1.0,0.5,0.2545454545454545
0.14398625429553263,0.4000000000000001,0.0,0.3333333333333333,1.0,0.0,1.0,0.0,0.0,0.0,0.0,0.0,0.25151515151515147
0.1725085910652921,0.4000000000000001,0.0,0.0,1.0,1.0,1.0,0.0,1.0,0.0,0.0,1.0,0.24848484848484845
0.15326460481099657,0.4000000000000001,0.3333333333333333,0.3333333333333333,1.0,0.0,1.0,0.0,0.0,0.6666666666666666,0.0,0.5,0.24848484848484845
0.2769759450171821,0.4000000000000001,0.0,0.3333333333333333,1.0,1.0,0.0,0.0,1.0,0.3333333333333333,0.0,0.5,0.24848484848484845
0.08384879725085911,0.2,0.0,0.3333333333333333,1.0,1.0,1.0,0.0,0.0,0.0,1.0,0.5,0.24848484848484845
0.2309278350515464,0.4000000000000001,0.0,0.3333333333333333,1.0,0.0,1.0,0.0,0.0,0.0,0.0,0.5,0.24848484848484845
0.19656357388316148,0.6000000000000001,0.3333333333333333,0.3333333333333333,1.0,0.0,1.0,0.0,0.0,0.0,0.0,0.5,0.24787878787878784
0.16151202749140892,0.4000000000000001,0.0,0.3333333333333333,1.0,0.0,0.0,0.0,0.0,0.3333333333333333,0.0,0.0,0.24545454545454545
0.15051546391752574,0.4000000000000001,0.0,0.3333333333333333,1.0,0.0,0.0,0.0,0.0,0.3333333333333333,1.0,0.5,0.24545454545454545
0.14501718213058418,0.4000000000000001,0.0,0.0,1.0,0.0,0.0,0.0,0.0,0.6666666666666666,0.0,0.5,0.2424242424242424
0.13676975945017184,0.4000000000000001,0.0,0.3333333333333333,1.0,0.0,0.0,0.0,1.0,0.0,0.0,0.0,0.2424242424242424
0.061855670103092786,0.4000000000000001,0.0,0.3333333333333333,1.0,0.0,1.0,0.0,0.0,0.0,0.0,0.0,0.2424242424242424
0.252233676975945,0.4000000000000001,0.0,0.3333333333333333,1.0,1.0,1.0,0.0,0.0,0.0,1.0,0.5,0.2424242424242424
0.2549828178694158,0.4000000000000001,0.0,0.3333333333333333,1.0,0.0,0.0,0.0,0.0,0.6666666666666666,1.0,1.0,0.2424242424242424
0.12852233676975944,0.4000000000000001,0.0,0.0,1.0,0.0,0.0,0.0,0.0,0.0,1.0,0.5,0.2424242424242424
0.46391752577319584,0.6000000000000001,0.0,1.0,1.0,0.0,0.0,0.0,0.0,1.0,0.0,1.0,0.2424242424242424
0.16838487972508592,0.2,0.3333333333333333,0.0,1.0,1.0,1.0,0.0,0.0,0.0,0.0,0.5,0.2418181818181818
0.22955326460481096,0.6000000000000001,0.3333333333333333,0.3333333333333333,1.0,1.0,1.0,0.0,0.0,0.0,1.0,0.0,0.2418181818181818
0.12783505154639174,0.4000000000000001,0.0,0.6666666666666667,1.0,0.0,0.0,0.0,0.0,0.0,0.0,0.5,0.23939393939393935
0.12371134020618557,0.4000000000000001,0.0,0.3333333333333333,1.0,0.0,1.0,0.0,0.0,0.3333333333333333,0.0,0.5,0.23939393939393935
0.5642611683848797,0.4000000000000001,0.0,0.0,1.0,0.0,0.0,0.0,0.0,0.0,0.0,0.5,0.23939393939393935
0.12852233676975944,0.2,0.0,0.3333333333333333,1.0,0.0,0.0,0.0,0.0,0.0,1.0,0.0,0.23939393939393935
0.19656357388316148,0.6000000000000001,0.0,0.3333333333333333,1.0,0.0,0.0,0.0,1.0,0.6666666666666666,0.0,0.5,0.23636363636363636
0.2910652920962199,0.2,0.0,0.0,1.0,0.0,0.0,0.0,1.0,0.3333333333333333,0.0,1.0,0.23636363636363636
0.16151202749140892,0.4000000000000001,0.0,0.3333333333333333,1.0,0.0,0.0,0.0,0.0,0.6666666666666666,0.0,0.0,0.23636363636363636
0.4536082474226804,0.4000000000000001,0.0,0.0,1.0,0.0,0.0,0.0,0.0,0.0,0.0,0.0,0.23636363636363636
0.1642611683848797,0.4000000000000001,0.0,0.3333333333333333,1.0,0.0,0.0,0.0,0.0,0.3333333333333333,0.0,0.5,0.23636363636363636
0.3237113402061855,0.2,0.0,0.0,1.0,0.0,1.0,0.0,1.0,0.3333333333333333,0.0,0.0,0.23575757575757575
0.10391752577319588,0.4000000000000001,0.0,0.3333333333333333,1.0,0.0,0.0,0.0,1.0,0.3333333333333333,0.0,0.0,0.23575757575757575
0.12783505154639174,0.4000000000000001,0.0,0.3333333333333333,1.0,0.0,0.0,0.0,0.0,0.0,0.0,0.5,0.23575757575757575
0.14432989690721648,0.2,0.0,0.0,1.0,1.0,1.0,0.0,0.0,0.0,0.0,0.5,0.2333333333333333
0.15931271477663228,0.4000000000000001,0.0,0.3333333333333333,0.0,0.0,0.0,0.0,0.0,0.0,0.0,0.5,0.23030303030303026
0.2233676975945017,0.2,0.0,0.3333333333333333,1.0,0.0,1.0,0.0,0.0,0.0,0.0,0.5,0.23030303030303026
0.08453608247422681,0.4000000000000001,0.0,0.3333333333333333,1.0,0.0,0.0,0.0,0.0,0.0,1.0,0.5,0.22969696969696965
0.2219931271477663,0.4000000000000001,0.0,0.0,1.0,0.0,0.0,0.0,0.0,0.6666666666666666,1.0,1.0,0.22969696969696965
0.2247422680412371,0.4000000000000001,0.0,0.3333333333333333,1.0,0.0,0.0,0.0,0.0,0.3333333333333333,0.0,0.5,0.22969696969696965
0.22680412371134018,0.6000000000000001,0.0,0.3333333333333333,1.0,0.0,0.0,0.0,1.0,0.0,0.0,0.5,0.22787878787878788
0.15463917525773196,0.4000000000000001,0.0,0.3333333333333333,1.0,0.0,0.0,0.0,0.0,0.0,0.0,1.0,0.22727272727272727
0.19587628865979378,0.4000000000000001,0.3333333333333333,0.6666666666666667,1.0,0.0,0.0,1.0,0.0,0.3333333333333333,0.0,0.0,0.22424242424242422
0.017525773195876282,0.8,0.0,0.3333333333333333,0.0,0.0,1.0,0.0,0.0,0.0,0.0,0.5,0.22424242424242422
0.16666666666666669,0.4000000000000001,0.0,0.0,1.0,1.0,1.0,0.0,0.0,0.6666666666666666,0.0,0.5,0.22424242424242422
0.12714776632302405,0.6000000000000001,0.0,0.3333333333333333,1.0,0.0,0.0,0.0,0.0,0.6666666666666666,0.0,0.0,0.22424242424242422
0.32989690721649484,0.6000000000000001,0.0,0.3333333333333333,1.0,0.0,0.0,0.0,0.0,0.0,0.0,0.5,0.22424242424242422
0.16371134020618555,0.2,0.0,0.0,1.0,0.0,1.0,0.0,0.0,0.0,0.0,0.0,0.22242424242424239
0.18900343642611683,0.2,0.0,0.0,1.0,0.0,0.0,0.0,0.0,0.3333333333333333,0.0,0.5,0.22121212121212117
0.5986254295532645,0.2,0.0,0.0,1.0,0.0,0.0,0.0,0.0,0.3333333333333333,1.0,0.5,0.22121212121212117
0.12027491408934707,0.4000000000000001,0.0,0.3333333333333333,1.0,0.0,1.0,0.0,0.0,0.6666666666666666,1.0,0.5,0.21878787878787878
0.3237113402061855,0.2,0.0,0.0,1.0,0.0,0.0,0.0,0.0,0.0,0.0,0.0,0.21818181818181817
0.3237113402061855,0.2,0.0,0.3333333333333333,1.0,0.0,0.0,0.0,0.0,0.0,0.0,1.0,0.21818181818181817
0.19587628865979378,0.2,0.0,0.0,1.0,0.0,0.0,0.0,1.0,0.6666666666666666,0.0,0.0,0.21818181818181817
0.036082474226804134,0.4000000000000001,0.0,0.3333333333333333,0.0,1.0,1.0,0.0,1.0,0.0,0.0,1.0,0.21818181818181817
0.18625429553264605,0.6000000000000001,0.0,0.3333333333333333,1.0,0.0,0.0,0.0,0.0,0.0,0.0,0.0,0.21818181818181817
0.42061855670103093,0.2,0.0,0.0,1.0,0.0,0.0,0.0,0.0,0.3333333333333333,0.0,0.0,0.21818181818181817
0.3436426116838488,0.4000000000000001,0.0,0.3333333333333333,1.0,1.0,0.0,0.0,0.0,0.0,0.0,0.5,0.21515151515151512
0.07814432989690723,0.4000000000000001,0.0,0.0,1.0,0.0,1.0,0.0,0.0,0.0,1.0,0.0,0.21515151515151512
0.2646048109965636,0.4000000000000001,0.0,0.3333333333333333,1.0,0.0,0.0,0.0,1.0,0.0,0.0,1.0,0.21212121212121213
0.2329896907216495,0.4000000000000001,0.0,0.3333333333333333,1.0,0.0,1.0,0.0,1.0,0.0,0.0,1.0,0.21212121212121213
0.28865979381443296,0.2,0.0,0.0,1.0,1.0,1.0,0.0,0.0,0.6666666666666666,0.0,0.5,0.21212121212121213
0.06597938144329896,0.6000000000000001,0.6666666666666667,0.3333333333333333,0.0,0.0,0.0,0.0,0.0,0.0,0.0,0.5,0.21212121212121213
0.089553264604811,0.4000000000000001,0.0,0.3333333333333333,1.0,0.0,1.0,0.0,1.0,0.0,0.0,1.0,0.21212121212121213
0.07539518900343642,0.6000000000000001,0.3333333333333333,0.3333333333333333,0.0,0.0,0.0,0.0,0.0,0.0,0.0,0.5,0.21212121212121213
0.18969072164948453,0.2,0.0,0.0,0.0,0.0,0.0,0.0,0.0,0.3333333333333333,0.0,1.0,0.21212121212121213
0.16151202749140892,0.6000000000000001,0.3333333333333333,0.3333333333333333,0.0,0.0,0.0,0.0,0.0,0.0,0.0,0.5,0.21212121212121213
0.04639175257731959,0.4000000000000001,0.0,0.3333333333333333,0.0,0.0,0.0,0.0,0.0,0.0,0.0,0.5,0.21212121212121213
0.2027491408934708,0.4000000000000001,0.3333333333333333,0.3333333333333333,1.0,0.0,0.0,0.0,1.0,0.3333333333333333,0.0,0.5,0.21212121212121213
0.13676975945017184,0.4000000000000001,0.3333333333333333,0.3333333333333333,1.0,0.0,1.0,0.0,0.0,0.0,0.0,1.0,0.21212121212121213
0.2852233676975945,0.4000000000000001,0.0,0.0,1.0,0.0,0.0,1.0,0.0,0.6666666666666666,0.0,0.5,0.21212121212121213
0.3676975945017182,0.4000000000000001,0.0,0.0,1.0,0.0,0.0,0.0,0.0,1.0,0.0,0.0,0.21212121212121213
0.16694158075601373,0.4000000000000001,0.0,0.6666666666666667,1.0,0.0,0.0,0.0,0.0,0.0,0.0,0.5,0.21212121212121213
0.12852233676975944,0.4000000000000001,0.0,0.3333333333333333,1.0,0.0,0.0,0.0,0.0,0.0,1.0,0.5,0.21212121212121213
0.03402061855670102,0.4000000000000001,0.0,0.6666666666666667,1.0,0.0,0.0,0.0,0.0,0.3333333333333333,1.0,1.0,0.21212121212121213
0.19587628865979378,0.4000000000000001,0.0,0.0,1.0,0.0,1.0,0.0,0.0,0.0,0.0,0.0,0.21212121212121213
0.4536082474226804,0.4000000000000001,0.0,0.0,1.0,0.0,1.0,0.0,0.0,1.0,0.0,0.5,0.21151515151515152
0.12371134020618557,0.4000000000000001,0.0,0.3333333333333333,1.0,0.0,0.0,0.0,0.0,0.3333333333333333,0.0,0.5,0.21151515151515152
0.21924398625429553,0.4000000000000001,0.0,0.3333333333333333,1.0,0.0,0.0,0.0,0.0,0.3333333333333333,0.0,0.5,0.20909090909090908
0.16701030927835053,0.4000000000000001,0.0,0.3333333333333333,1.0,0.0,0.0,0.0,0.0,0.6666666666666666,0.0,0.5,0.20909090909090908
0.16467353951890035,0.4000000000000001,0.0,0.3333333333333333,1.0,0.0,1.0,0.0,0.0,0.3333333333333333,0.0,0.5,0.20909090909090908
0.20494845360824743,0.6000000000000001,0.0,0.3333333333333333,1.0,0.0,0.0,0.0,1.0,0.0,0.0,0.5,0.20606060606060603
0.2979381443298969,0.4000000000000001,0.0,0.0,1.0,0.0,1.0,0.0,0.0,0.0,0.0,0.5,0.20606060606060603
0.3030927835051546,0.2,0.0,0.0,1.0,0.0,1.0,0.0,0.0,0.3333333333333333,0.0,0.5,0.20545454545454542
0.13402061855670103,0.4000000000000001,0.0,0.0,1.0,0.0,1.0,0.0,1.0,0.0,1.0,0.0,0.20333333333333334
0.13951890034364262,0.4000000000000001,0.3333333333333333,0.3333333333333333,1.0,0.0,0.0,0.0,0.0,0.0,0.0,0.5,0.20303030303030303
0.1642611683848797,0.2,0.0,0.3333333333333333,1.0,0.0,0.0,0.0,0.0,0.3333333333333333,0.0,0.5,0.20303030303030303
0.27147766323024053,0.2,0.0,0.0,1.0,0.0,0.0,0.0,1.0,0.0,0.0,0.5,0.20303030303030303
0.29209621993127144,0.6000000000000001,0.3333333333333333,0.3333333333333333,0.0,0.0,1.0,0.0,0.0,0.3333333333333333,0.0,1.0,0.19999999999999998
0.2296907216494845,0.4000000000000001,0.3333333333333333,0.3333333333333333,1.0,0.0,0.0,0.0,0.0,0.6666666666666666,0.0,1.0,0.19999999999999998
0.18487972508591066,0.4000000000000001,0.0,0.0,1.0,0.0,0.0,0.0,0.0,0.0,0.0,0.5,0.19999999999999998
0.09278350515463918,0.6000000000000001,0.0,0.6666666666666667,1.0,0.0,1.0,0.0,1.0,0.6666666666666666,0.0,0.5,0.19999999999999998
0.18350515463917527,0.4000000000000001,0.0,0.3333333333333333,1.0,0.0,0.0,0.0,0.0,0.6666666666666666,1.0,0.0,0.19999999999999998
0.1360824742268041,0.4000000000000001,0.3333333333333333,0.3333333333333333,1.0,0.0,0.0,1.0,0.0,0.6666666666666666,0.0,0.5,0.19696969696969693
0.12439862542955327,0.4000000000000001,0.3333333333333333,0.0,1.0,0.0,1.0,0.0,1.0,0.3333333333333333,0.0,0.0,0.19696969696969693
0.25773195876288657,0.4000000000000001,0.0,0.0,1.0,0.0,0.0,0.0,0.0,1.0,0.0,0.5,0.19696969696969693
0.19587628865979378,0.4000000000000001,0.0,0.3333333333333333,0.0,0.0,1.0,0.0,1.0,0.0,0.0,0.5,0.1954545454545454
0.12439862542955327,0.6000000000000001,0.0,0.3333333333333333,1.0,0.0,0.0,0.0,1.0,0.0,0.0,0.5,0.1954545454545454
0.16838487972508592,0.6000000000000001,0.0,0.0,0.0,0.0,1.0,0.0,0.0,0.0,0.0,1.0,0.19393939393939394
0.3319587628865979,0.4000000000000001,0.0,0.3333333333333333,0.0,0.0,0.0,0.0,1.0,0.3333333333333333,0.0,0.5,0.19393939393939394
0.19587628865979378,0.4000000000000001,0.3333333333333333,0.3333333333333333,0.0,0.0,1.0,0.0,1.0,0.0,0.0,0.5,0.19393939393939394
0.15876288659793814,0.4000000000000001,0.0,0.3333333333333333,1.0,0.0,0.0,0.0,0.0,0.0,0.0,0.0,0.19393939393939394
0.1649484536082474,0.2,0.0,0.3333333333333333,1.0,1.0,1.0,0.0,0.0,0.0,1.0,1.0,0.19393939393939394
0.3855670103092783,0.4000000000000001,0.3333333333333333,0.0,1.0,1.0,1.0,0.0,0.0,1.0,0.0,0.0,0.18787878787878784
0.2646048109965636,0.6000000000000001,0.0,0.3333333333333333,1.0,1.0,1.0,0.0,0.0,0.0,0.0,0.5,0.18787878787878784
0.09278350515463918,0.4000000000000001,0.0,0.3333333333333333,1.0,0.0,0.0,0.0,0.0,0.0,0.0,0.5,0.18787878787878784
0.1127147766323024,0.2,0.0,0.0,1.0,0.0,0.0,1.0,0.0,0.3333333333333333,0.0,0.0,0.18787878787878784
0.1488659793814433,0.2,0.0,0.0,1.0,0.0,1.0,0.0,1.0,0.6666666666666666,0.0,0.0,0.18787878787878784
0.4419243986254295,0.4000000000000001,0.0,0.0,1.0,0.0,0.0,0.0,1.0,0.6666666666666666,0.0,0.5,0.18787878787878784
0.03402061855670102,0.6000000000000001,0.3333333333333333,0.0,1.0,0.0,1.0,0.0,0.0,0.0,1.0,1.0,0.18787878787878784
0.14639175257731957,0.2,0.0,0.3333333333333333,1.0,1.0,1.0,0.0,0.0,0.0,0.0,0.5,0.18484848484848485
0.10515463917525772,0.6000000000000001,0.3333333333333333,0.3333333333333333,1.0,0.0,0.0,0.0,0.0,0.0,0.0,0.0,0.18484848484848485
0.2508591065292096,0.8,0.3333333333333333,0.3333333333333333,1.0,0.0,0.0,0.0,0.0,0.0,0.0,0.5,0.1818181818181818
0.10515463917525772,0.2,0.3333333333333333,0.0,1.0,0.0,1.0,0.0,0.0,0.6666666666666666,0.0,0.5,0.1818181818181818
0.3781443298969072,0.4000000000000001,0.0,0.3333333333333333,1.0,0.0,0.0,0.0,1.0,0.0,0.0,0.0,0.1818181818181818
0.16701030927835053,0.2,0.0,0.0,1.0,0.0,0.0,0.0,0.0,0.0,0.0,0.5,0.1818181818181818
0.1512027491408935,0.2,0.0,0.0,1.0,0.0,0.0,0.0,0.0,0.0,0.0,0.5,0.1818181818181818
0.025085910652920956,0.4000000000000001,0.0,0.3333333333333333,1.0,0.0,1.0,0.0,0.0,0.0,1.0,0.5,0.1818181818181818
0.03615120274914091,0.2,0.0,0.3333333333333333,1.0,1.0,0.0,0.0,0.0,0.0,1.0,0.5,0.1818181818181818
0.11683848797250859,0.4000000000000001,0.0,0.3333333333333333,1.0,0.0,0.0,0.0,0.0,0.0,0.0,1.0,0.18060606060606058
0.10309278350515463,0.2,0.3333333333333333,0.0,0.0,0.0,1.0,0.0,0.0,0.0,0.0,0.5,0.17878787878787875
0.21786941580756014,0.4000000000000001,0.0,0.3333333333333333,1.0,0.0,0.0,0.0,0.0,0.0,0.0,0.5,0.17575757575757575
0.12164948453608246,0.2,0.0,0.3333333333333333,1.0,0.0,0.0,1.0,0.0,0.3333333333333333,0.0,0.5,0.17575757575757575
0.13402061855670103,0.2,0.0,0.0,1.0,0.0,0.0,0.0,0.0,0.0,0.0,0.5,0.17575757575757575
0.2872852233676976,0.2,0.0,0.0,1.0,0.0,0.0,0.0,0.0,0.6666666666666666,0.0,1.0,0.17575757575757575
0.08288659793814432,0.4000000000000001,0.0,0.6666666666666667,1.0,0.0,0.0,0.0,0.0,0.0,1.0,0.0,0.17575757575757575
0.46391752577319584,0.2,0.0,0.0,1.0,0.0,0.0,0.0,0.0,0.3333333333333333,0.0,0.0,0.17575757575757575
0.4536082474226804,0.4000000000000001,0.0,0.0,1.0,0.0,0.0,0.0,0.0,0.6666666666666666,0.0,0.0,0.17515151515151514
0.0597938144329897,0.8,0.3333333333333333,0.0,0.0,0.0,1.0,0.0,1.0,0.3333333333333333,0.0,0.0,0.17515151515151514
0.3628865979381443,0.6000000000000001,0.0,0.3333333333333333,0.0,0.0,0.0,0.0,0.0,0.3333333333333333,0.0,0.0,0.17515151515151514
0.12577319587628866,0.2,0.0,0.0,1.0,0.0,0.0,0.0,0.0,0.0,1.0,0.5,0.1727272727272727
0.13402061855670103,0.4000000000000001,0.0,0.0,1.0,0.0,0.0,0.0,0.0,0.3333333333333333,0.0,1.0,0.16969696969696965
0.1642611683848797,0.2,0.0,0.0,1.0,0.0,0.0,0.0,0.0,0.0,0.0,0.5,0.16969696969696965
0.30034364261168384,0.4000000000000001,0.0,0.0,1.0,0.0,0.0,0.0,0.0,0.0,0.0,0.5,0.16969696969696965
0.1649484536082474,0.2,0.0,0.0,1.0,0.0,0.0,0.0,0.0,0.0,0.0,0.0,0.16969696969696965
0.1329209621993127,0.2,0.0,0.0,1.0,0.0,0.0,1.0,0.0,0.0,0.0,0.5,0.16969696969696965
0.10103092783505155,0.4000000000000001,0.0,0.3333333333333333,0.0,0.0,1.0,1.0,0.0,0.0,0.0,0.5,0.1690909090909091
0.26116838487972505,0.2,0.0,0.0,1.0,0.0,0.0,0.0,0.0,0.0,0.0,0.0,0.1690909090909091
0.1360824742268041,0.2,0.0,0.0,1.0,0.0,1.0,0.0,0.0,0.0,0.0,0.0,0.16666666666666666
0.1360824742268041,0.2,0.0,0.0,1.0,0.0,0.0,0.0,1.0,0.0,0.0,1.0,0.16666666666666666
0.2742268041237113,0.2,0.0,0.0,0.0,0.0,0.0,0.0,0.0,0.0,0.0,0.5,0.16666666666666666
0.13402061855670103,0.2,0.0,0.0,1.0,0.0,0.0,0.0,0.0,0.0,0.0,0.0,0.16666666666666666
0.18075601374570444,0.2,0.0,0.0,1.0,0.0,0.0,0.0,1.0,0.6666666666666666,0.0,0.5,0.1636363636363636
0.13195876288659794,0.4000000000000001,0.0,0.3333333333333333,1.0,0.0,1.0,0.0,0.0,0.0,0.0,0.5,0.1636363636363636
0.10515463917525772,0.4000000000000001,0.0,0.3333333333333333,0.0,0.0,1.0,0.0,0.0,0.0,0.0,0.5,0.1636363636363636
0.09278350515463918,0.2,0.0,0.3333333333333333,1.0,0.0,0.0,0.0,1.0,0.0,0.0,0.0,0.1636363636363636
0.12852233676975944,0.2,0.3333333333333333,0.0,1.0,0.0,1.0,0.0,0.0,0.0,0.0,0.5,0.1636363636363636
0.29621993127147767,0.4000000000000001,0.0,0.3333333333333333,1.0,1.0,1.0,0.0,0.0,0.0,0.0,1.0,0.1636363636363636
0.170446735395189,0.4000000000000001,0.3333333333333333,0.3333333333333333,1.0,0.0,0.0,0.0,0.0,0.6666666666666666,0.0,0.5,0.1636363636363636
0.0824742268041237,0.4000000000000001,0.3333333333333333,0.3333333333333333,0.0,0.0,1.0,0.0,0.0,0.0,1.0,1.0,0.1636363636363636
0.042955326460481114,0.4000000000000001,0.0,0.6666666666666667,1.0,0.0,0.0,1.0,1.0,0.0,1.0,0.5,0.1636363636363636
0.12852233676975944,0.4000000000000001,0.0,0.0,1.0,0.0,0.0,0.0,0.0,0.6666666666666666,1.0,1.0,0.163030303030303
0.19587628865979378,0.2,0.0,0.0,1.0,0.0,0.0,0.0,0.0,0.0,0.0,0.5,0.1606060606060606
0.16151202749140892,0.2,0.0,0.0,1.0,0.0,0.0,0.0,0.0,0.0,1.0,0.5,0.1606060606060606
0.10309278350515463,0.4000000000000001,0.0,0.3333333333333333,1.0,0.0,1.0,0.0,0.0,0.0,0.0,0.0,0.15757575757575756
0.19587628865979378,0.6000000000000001,0.3333333333333333,0.3333333333333333,1.0,0.0,1.0,0.0,0.0,0.6666666666666666,0.0,0.0,0.15757575757575756
0.19587628865979378,0.2,0.0,0.0,0.0,0.0,0.0,0.0,0.0,0.0,0.0,0.0,0.15757575757575756
0.13676975945017184,0.2,0.0,0.0,1.0,0.0,0.0,0.0,0.0,0.0,0.0,1.0,0.15757575757575756
0.1512027491408935,0.4000000000000001,0.0,0.0,1.0,0.0,0.0,0.0,0.0,0.6666666666666666,0.0,1.0,0.1545454545454545
0.17800687285223366,0.4000000000000001,0.0,0.3333333333333333,1.0,0.0,0.0,0.0,1.0,0.0,0.0,0.5,0.15151515151515152
0.13745704467353953,0.4000000000000001,0.0,0.3333333333333333,1.0,0.0,0.0,0.0,0.0,0.0,0.0,1.0,0.15151515151515152
0.2027491408934708,0.6000000000000001,0.0,0.3333333333333333,1.0,0.0,0.0,0.0,0.0,0.0,0.0,0.5,0.15151515151515152
0.033333333333333326,0.4000000000000001,0.3333333333333333,0.3333333333333333,0.0,0.0,0.0,0.0,0.0,0.0,0.0,1.0,0.15151515151515152
0.09525773195876289,0.4000000000000001,0.0,0.3333333333333333,1.0,0.0,1.0,0.0,0.0,0.0,0.0,0.5,0.15151515151515152
0.16082474226804122,0.4000000000000001,0.0,0.3333333333333333,1.0,0.0,0.0,0.0,0.0,0.0,0.0,0.5,0.15151515151515152
0.3968384879725086,0.4000000000000001,0.0,0.0,0.0,0.0,0.0,0.0,0.0,0.0,0.0,1.0,0.15151515151515152
0.12577319587628866,0.4000000000000001,0.0,0.0,0.0,0.0,0.0,0.0,1.0,0.0,0.0,1.0,0.15151515151515152
0.13402061855670103,1.0000000000000002,0.0,0.3333333333333333,1.0,0.0,0.0,0.0,0.0,0.3333333333333333,0.0,1.0,0.15151515151515152
0.13676975945017184,0.2,0.0,0.0,1.0,0.0,0.0,0.0,0.0,0.3333333333333333,0.0,0.5,0.15151515151515152
0.29209621993127144,0.2,0.0,0.0,1.0,0.0,0.0,0.0,0.0,0.3333333333333333,0.0,0.0,0.15151515151515152
0.10103092783505155,0.4000000000000001,0.0,0.3333333333333333,1.0,0.0,0.0,0.0,0.0,0.3333333333333333,0.0,1.0,0.15151515151515152
0.3917525773195876,0.2,0.0,0.0,1.0,0.0,0.0,0.0,0.0,0.3333333333333333,0.0,0.5,0.15151515151515152
0.1279725085910653,0.2,0.0,0.0,1.0,0.0,0.0,0.0,0.0,0.3333333333333333,1.0,1.0,0.15151515151515152
0.5395189003436425,0.4000000000000001,0.0,0.3333333333333333,1.0,0.0,0.0,0.0,0.0,1.0,1.0,1.0,0.15151515151515152
0.29072164948453605,0.2,0.0,0.0,1.0,0.0,0.0,0.0,0.0,0.0,0.0,1.0,0.15151515151515152
0.7762199312714777,0.4000000000000001,0.0,0.0,1.0,0.0,0.0,0.0,0.0,0.0,0.0,1.0,0.15151515151515152
0.2233676975945017,0.4000000000000001,0.0,0.3333333333333333,0.0,0.0,0.0,0.0,0.0,0.0,0.0,1.0,0.1509090909090909
0.09690721649484535,0.4000000000000001,0.0,0.0,1.0,0.0,0.0,0.0,0.0,0.0,0.0,1.0,0.14848484848484847
0.252233676975945,0.2,0.0,0.0,1.0,0.0,0.0,0.0,0.0,0.3333333333333333,1.0,1.0,0.14848484848484847
0.03402061855670102,0.4000000000000001,0.0,0.6666666666666667,1.0,0.0,0.0,0.0,0.0,0.0,1.0,0.0,0.14848484848484847
0.16151202749140892,0.2,0.0,0.0,1.0,0.0,0.0,0.0,0.0,0.0,0.0,1.0,0.14545454545454542
0.10549828178694157,0.2,0.0,0.0,1.0,0.0,0.0,0.0,0.0,0.6666666666666666,0.0,1.0,0.14545454545454542
0.1512027491408935,0.4000000000000001,0.0,0.0,1.0,0.0,0.0,0.0,0.0,0.0,0.0,1.0,0.14545454545454542
0.03402061855670102,0.4000000000000001,0.0,0.6666666666666667,1.0,0.0,0.0,0.0,0.0,0.0,1.0,0.0,0.14545454545454542
0.06597938144329896,0.4000000000000001,0.0,0.3333333333333333,1.0,0.0,1.0,0.0,0.0,0.0,1.0,1.0,0.14545454545454542
0.020618556701030938,0.4000000000000001,0.3333333333333333,0.3333333333333333,1.0,0.0,1.0,0.0,0.0,0.0,1.0,1.0,0.14545454545454542
0.1642611683848797,0.2,0.0,0.0,1.0,0.0,0.0,0.0,0.0,0.0,0.0,1.0,0.1448484848484848
0.2154639175257732,0.4000000000000001,0.0,0.3333333333333333,1.0,1.0,1.0,0.0,1.0,0.3333333333333333,0.0,0.0,0.14242424242424243
0.12371134020618557,0.4000000000000001,0.0,0.0,1.0,0.0,1.0,0.0,0.0,0.6666666666666666,0.0,1.0,0.14242424242424243
0.13676975945017184,0.2,0.0,0.0,1.0,0.0,0.0,0.0,0.0,0.0,0.0,0.0,0.14242424242424243
0.12714776632302405,0.6000000000000001,0.0,0.3333333333333333,1.0,0.0,0.0,0.0,1.0,0.6666666666666666,0.0,1.0,0.13939393939393938
0.22749140893470787,0.6000000000000001,0.0,0.6666666666666667,0.0,0.0,0.0,0.0,0.0,0.0,0.0,0.5,0.13939393939393938
0.1697594501718213,0.2,0.0,0.3333333333333333,1.0,0.0,0.0,0.0,0.0,0.0,0.0,1.0,0.13939393939393938
0.21305841924398622,0.2,0.0,0.0,1.0,0.0,0.0,0.0,0.0,0.0,0.0,1.0,0.13939393939393938
0.1422680412371134,0.2,0.0,0.0,0.0,0.0,0.0,0.0,1.0,0.0,0.0,1.0,0.13939393939393938
0.14432989690721648,0.4000000000000001,0.0,0.0,1.0,0.0,0.0,0.0,0.0,0.0,0.0,1.0,0.13939393939393938
0.09965635738831616,0.4000000000000001,0.0,0.3333333333333333,0.0,0.0,1.0,0.0,0.0,0.0,0.0,0.5,0.13939393939393938
0.10549828178694157,0.2,0.0,0.0,1.0,0.0,1.0,0.0,0.0,0.6666666666666666,0.0,0.0,0.13939393939393938
0.07216494845360824,0.4000000000000001,0.0,0.0,0.0,0.0,0.0,0.0,0.0,0.0,0.0,0.0,0.13878787878787877
0.03402061855670102,0.4000000000000001,0.0,0.3333333333333333,1.0,0.0,1.0,0.0,0.0,0.0,1.0,0.0,0.13696969696969694
0.1642611683848797,0.2,0.0,0.0,1.0,0.0,0.0,0.0,0.0,0.3333333333333333,0.0,1.0,0.13636363636363633
0.2147766323024055,0.6000000000000001,0.0,0.3333333333333333,1.0,0.0,0.0,0.0,0.0,0.0,0.0,1.0,0.13636363636363633
0.05841924398625428,0.2,0.0,0.0,0.0,0.0,0.0,0.0,1.0,0.0,0.0,1.0,0.13333333333333333
0.10515463917525772,0.6000000000000001,0.0,0.3333333333333333,1.0,0.0,1.0,0.0,1.0,0.0,0.0,1.0,0.13333333333333333
0.3030927835051546,0.4000000000000001,0.0,0.0,1.0,1.0,1.0,0.0,0.0,0.0,0.0,0.0,0.13333333333333333
0.12577319587628866,0.6000000000000001,0.0,0.3333333333333333,0.0,0.0,0.0,0.0,0.0,0.3333333333333333,0.0,0.5,0.13333333333333333
0.1472164948453608,0.6000000000000001,0.0,0.3333333333333333,1.0,0.0,0.0,0.0,0.0,0.0,0.0,0.5,0.13333333333333333
0.1642611683848797,0.2,0.0,0.0,1.0,0.0,0.0,0.0,0.0,0.0,0.0,1.0,0.13333333333333333
0.03402061855670102,0.4000000000000001,0.0,0.3333333333333333,1.0,0.0,1.0,0.0,0.0,0.0,1.0,0.0,0.13333333333333333
0.29072164948453605,0.4000000000000001,0.0,0.0,1.0,0.0,0.0,0.0,0.0,0.3333333333333333,0.0,1.0,0.13333333333333333
0.19587628865979378,0.2,0.0,0.0,0.0,0.0,0.0,0.0,0.0,0.0,0.0,0.5,0.13030303030303028
0.15670103092783505,0.2,0.0,0.0,0.0,0.0,0.0,0.0,0.0,0.0,0.0,1.0,0.13030303030303028
0.13676975945017184,0.6000000000000001,0.0,0.3333333333333333,1.0,0.0,1.0,0.0,0.0,0.0,0.0,1.0,0.12848484848484845
0.18694158075601375,0.4000000000000001,0.0,0.3333333333333333,1.0,0.0,0.0,0.0,0.0,0.0,0.0,1.0,0.12727272727272723
0.07106529209621992,0.2,0.0,0.0,1.0,0.0,0.0,0.0,1.0,0.3333333333333333,0.0,1.0,0.12727272727272723
0.18350515463917527,0.4000000000000001,0.0,0.0,0.0,0.0,0.0,0.0,0.0,0.3333333333333333,0.0,1.0,0.12727272727272723
0.10103092783505155,0.4000000000000001,0.0,0.3333333333333333,0.0,0.0,0.0,0.0,0.0,0.0,0.0,0.0,0.12727272727272723
0.12371134020618557,0.0,0.0,0.0,1.0,0.0,0.0,0.0,0.0,0.0,0.0,0.0,0.12121212121212119
0.16054982817869418,0.2,0.3333333333333333,0.0,0.0,1.0,1.0,0.0,0.0,0.3333333333333333,0.0,1.0,0.12121212121212119
0.12714776632302405,0.2,0.0,0.0,0.0,0.0,1.0,0.0,0.0,0.0,0.0,0.5,0.12121212121212119
0.16804123711340208,0.2,0.0,0.0,1.0,0.0,0.0,0.0,0.0,0.6666666666666666,0.0,0.5,0.12121212121212119
0.0,0.4000000000000001,0.0,0.3333333333333333,0.0,0.0,1.0,0.0,0.0,0.0,0.0,1.0,0.12121212121212119
0.12371134020618557,0.4000000000000001,0.0,0.3333333333333333,1.0,0.0,1.0,0.0,0.0,0.0,0.0,0.5,0.12121212121212119
0.35051546391752575,0.2,0.0,0.0,1.0,0.0,0.0,0.0,0.0,0.0,0.0,0.5,0.12121212121212119
0.5051546391752577,0.4000000000000001,0.0,0.3333333333333333,1.0,0.0,0.0,0.0,0.0,0.6666666666666666,0.0,0.5,0.12121212121212119
0.0975257731958763,0.2,0.0,0.0,1.0,0.0,0.0,0.0,0.0,0.3333333333333333,0.0,1.0,0.12121212121212119
0.19587628865979378,0.4000000000000001,0.0,0.3333333333333333,1.0,0.0,0.0,0.0,1.0,0.0,0.0,1.0,0.12060606060606058
0.26426116838487973,0.4000000000000001,0.0,0.0,1.0,0.0,1.0,0.0,0.0,0.0,0.0,1.0,0.11939393939393936
0.05140893470790378,0.4000000000000001,0.0,0.0,1.0,0.0,0.0,0.0,0.0,0.0,1.0,0.5,0.11851515151515149
0.09278350515463918,0.4000000000000001,0.0,0.0,0.0,0.0,0.0,0.0,1.0,0.0,0.0,1.0,0.11818181818181814
0.1512027491408935,0.4000000000000001,0.0,0.3333333333333333,1.0,0.0,0.0,0.0,0.0,0.0,0.0,1.0,0.11818181818181814
0.12714776632302405,0.2,0.0,0.0,1.0,0.0,0.0,0.0,0.0,0.0,0.0,1.0,0.11818181818181814
0.4432989690721649,0.2,0.0,0.0,1.0,0.0,0.0,0.0,0.0,0.3333333333333333,0.0,1.0,0.11575757575757575
0.22749140893470787,0.2,0.0,0.0,1.0,0.0,1.0,0.0,1.0,0.0,0.0,1.0,0.11515151515151514
0.03505154639175259,0.4000000000000001,0.0,0.3333333333333333,0.0,0.0,1.0,0.0,0.0,0.0,0.0,0.5,0.11515151515151514
0.09896907216494846,0.2,0.0,0.0,1.0,1.0,1.0,0.0,0.0,0.0,0.0,1.0,0.11515151515151514
0.19587628865979378,0.2,0.0,0.3333333333333333,1.0,0.0,0.0,1.0,0.0,0.3333333333333333,0.0,0.5,0.11515151515151514
0.14776632302405496,0.2,0.0,0.0,1.0,0.0,0.0,0.0,0.0,0.0,0.0,1.0,0.1121212121212121
0.09896907216494846,0.4000000000000001,0.0,0.3333333333333333,0.0,0.0,0.0,0.0,0.0,0.0,0.0,0.5,0.1090909090909091
0.10927835051546392,0.4000000000000001,0.0,0.3333333333333333,1.0,0.0,0.0,0.0,0.0,0.6666666666666666,0.0,0.5,0.1090909090909091
0.08144329896907215,0.2,0.0,0.0,1.0,0.0,0.0,0.0,0.0,0.0,0.0,0.5,0.1090909090909091
0.2027491408934708,0.2,0.0,0.0,1.0,0.0,0.0,0.0,0.0,0.0,0.0,0.0,0.1090909090909091
0.23546391752577317,0.4000000000000001,0.0,0.0,0.0,0.0,0.0,0.0,0.0,0.0,0.0,1.0,0.1090909090909091
0.14432989690721648,0.4000000000000001,0.0,0.3333333333333333,1.0,0.0,0.0,0.0,0.0,0.0,0.0,1.0,0.1090909090909091
0.1360824742268041,0.6000000000000001,0.0,0.3333333333333333,1.0,0.0,0.0,0.0,0.0,1.0,0.0,0.5,0.1090909090909091
0.4398625429553264,0.2,0.0,0.0,1.0,0.0,0.0,0.0,0.0,0.0,0.0,1.0,0.10848484848484849
0.1857044673539519,0.6000000000000001,0.0,0.3333333333333333,0.0,0.0,0.0,0.0,0.0,0.3333333333333333,0.0,1.0,0.10606060606060605
0.09278350515463918,0.2,0.0,0.3333333333333333,1.0,0.0,0.0,0.0,0.0,0.0,0.0,0.5,0.10484848484848483
0.28865979381443296,0.4000000000000001,0.0,0.3333333333333333,1.0,0.0,1.0,0.0,0.0,0.3333333333333333,0.0,1.0,0.103030303030303
0.22749140893470787,0.2,0.0,0.0,1.0,0.0,0.0,0.0,0.0,0.0,0.0,1.0,0.103030303030303
0.13402061855670103,0.4000000000000001,0.0,0.3333333333333333,0.0,0.0,0.0,0.0,0.0,0.3333333333333333,0.0,1.0,0.103030303030303
0.13814432989690723,0.6000000000000001,0.0,0.3333333333333333,0.0,0.0,0.0,0.0,0.0,0.0,0.0,1.0,0.103030303030303
0.12577319587628866,0.4000000000000001,0.0,0.3333333333333333,0.0,0.0,0.0,0.0,0.0,0.3333333333333333,0.0,0.5,0.103030303030303
0.07216494845360824,0.2,0.0,0.0,0.0,0.0,0.0,0.0,0.0,0.0,0.0,0.0,0.103030303030303
0.10309278350515463,0.4000000000000001,0.0,0.3333333333333333,0.0,0.0,0.0,0.0,0.0,0.0,0.0,1.0,0.103030303030303
0.3412371134020618,0.4000000000000001,0.0,0.3333333333333333,1.0,0.0,0.0,0.0,0.0,0.0,0.0,0.5,0.103030303030303
0.09553264604810996,0.2,0.0,0.0,0.0,0.0,0.0,0.0,0.0,0.0,0.0,1.0,0.09696969696969696
0.1360824742268041,0.2,0.0,0.0,1.0,0.0,0.0,0.0,0.0,0.0,0.0,1.0,0.09696969696969696
0.29896907216494845,0.2,0.0,0.0,1.0,0.0,0.0,0.0,0.0,0.0,0.0,0.5,0.09696969696969696
0.25773195876288657,0.6000000000000001,0.0,0.3333333333333333,1.0,0.0,0.0,0.0,0.0,0.0,0.0,1.0,0.09696969696969696
0.2439862542955326,0.6000000000000001,0.0,0.6666666666666667,1.0,0.0,0.0,0.0,0.0,0.0,0.0,1.0,0.09545454545454543
0.11340206185567009,0.4000000000000001,0.0,0.3333333333333333,0.0,0.0,0.0,0.0,0.0,0.3333333333333333,0.0,0.5,0.09393939393939393
0.18556701030927836,0.4000000000000001,0.0,0.3333333333333333,0.0,0.0,0.0,1.0,0.0,0.3333333333333333,0.0,1.0,0.09393939393939393
0.06804123711340207,0.2,0.0,0.0,0.0,0.0,0.0,0.0,0.0,0.3333333333333333,0.0,0.0,0.09393939393939393
0.06872852233676977,0.4000000000000001,0.0,0.3333333333333333,1.0,0.0,1.0,0.0,0.0,0.3333333333333333,0.0,1.0,0.09090909090909088
0.15876288659793814,0.4000000000000001,0.0,0.0,1.0,0.0,0.0,0.0,0.0,0.0,0.0,0.0,0.09090909090909088
0.3539518900343642,0.2,0.0,0.0,1.0,0.0,0.0,0.0,0.0,0.0,0.0,1.0,0.08484848484848484
0.16151202749140892,0.4000000000000001,0.0,0.3333333333333333,1.0,0.0,0.0,0.0,0.0,0.3333333333333333,0.0,1.0,0.08484848484848484
0.16151202749140892,0.2,0.0,0.0,1.0,0.0,0.0,0.0,0.0,0.0,0.0,1.0,0.08181818181818179
0.15697594501718215,0.2,0.0,0.0,1.0,0.0,0.0,0.0,0.0,0.0,0.0,1.0,0.07878787878787877
0.024054982817869414,0.2,0.0,0.3333333333333333,1.0,0.0,0.0,0.0,0.0,0.0,0.0,0.5,0.07878787878787877
0.1360824742268041,0.4000000000000001,0.6666666666666667,0.3333333333333333,0.0,1.0,0.0,0.0,0.0,0.0,0.0,1.0,0.07878787878787877
0.07903780068728522,0.4000000000000001,0.0,0.0,1.0,0.0,0.0,0.0,0.0,0.0,0.0,1.0,0.07878787878787877
0.053608247422680416,0.4000000000000001,0.0,0.0,0.0,0.0,0.0,0.0,0.0,0.0,0.0,1.0,0.07878787878787877
0.12577319587628866,0.2,0.0,0.0,1.0,0.0,0.0,0.0,0.0,0.3333333333333333,0.0,0.5,0.07878787878787877
0.16151202749140892,0.4000000000000001,0.0,0.0,1.0,0.0,0.0,0.0,0.0,0.0,0.0,0.5,0.07878787878787877
0.10549828178694157,0.2,0.0,0.0,1.0,0.0,0.0,0.0,1.0,0.0,0.0,1.0,0.07818181818181816
0.16151202749140892,0.4000000000000001,0.0,0.3333333333333333,1.0,0.0,0.0,0.0,1.0,0.0,0.0,1.0,0.07818181818181816
0.0865979381443299,0.2,0.0,0.0,0.0,0.0,0.0,0.0,0.0,0.0,0.0,1.0,0.07393939393939392
0.13402061855670103,0.2,0.0,0.0,1.0,0.0,0.0,0.0,0.0,0.0,0.0,1.0,0.07272727272727272
0.18900343642611683,0.2,0.0,0.0,1.0,0.0,0.0,0.0,0.0,0.0,0.0,1.0,0.07272727272727272
0.13402061855670103,0.2,0.3333333333333333,0.3333333333333333,1.0,0.0,1.0,0.0,0.0,0.3333333333333333,0.0,0.0,0.07272727272727272
0.08453608247422681,0.4000000000000001,0.0,0.0,0.0,0.0,0.0,0.0,0.0,0.0,0.0,1.0,0.06666666666666665
0.10515463917525772,0.4000000000000001,0.0,0.0,0.0,0.0,0.0,0.0,0.0,0.0,0.0,1.0,0.06666666666666665
0.09278350515463918,0.2,0.0,0.3333333333333333,1.0,0.0,0.0,0.0,0.0,0.0,0.0,0.0,0.06666666666666665
0.18900343642611683,0.4000000000000001,0.0,0.3333333333333333,1.0,0.0,0.0,0.0,0.0,0.0,0.0,1.0,0.06363636363636363
0.09278350515463918,0.4000000000000001,0.0,0.3333333333333333,0.0,0.0,0.0,0.0,0.0,0.0,0.0,0.5,0.06363636363636363
0.10721649484536083,0.4000000000000001,0.0,0.3333333333333333,1.0,0.0,1.0,0.0,0.0,0.0,0.0,1.0,0.06060606060606058
0.10927835051546392,0.2,0.0,0.0,0.0,1.0,0.0,0.0,0.0,0.3333333333333333,0.0,1.0,0.06060606060606058
0.09278350515463918,0.2,0.0,0.0,1.0,0.0,0.0,0.0,0.0,0.3333333333333333,0.0,1.0,0.06060606060606058
0.12714776632302405,0.2,0.0,0.0,1.0,1.0,0.0,0.0,0.0,0.0,0.0,1.0,0.06060606060606058
0.21924398625429553,0.2,0.0,0.3333333333333333,1.0,0.0,0.0,0.0,0.0,0.0,0.0,1.0,0.06060606060606058
0.41580756013745707,0.2,0.0,0.0,1.0,0.0,0.0,0.0,0.0,0.0,0.0,1.0,0.06060606060606058
0.13642611683848796,0.2,0.0,0.0,0.0,0.0,0.0,0.0,0.0,0.0,0.0,1.0,0.05696969696969695
0.056701030927835044,0.4000000000000001,0.0,0.3333333333333333,1.0,0.0,0.0,0.0,0.0,0.0,0.0,0.0,0.054545454545454536
0.07814432989690723,0.6000000000000001,0.3333333333333333,0.3333333333333333,1.0,0.0,0.0,0.0,0.0,0.0,0.0,0.0,0.054545454545454536
0.11092783505154638,0.2,0.0,0.0,1.0,0.0,0.0,0.0,0.0,0.0,0.0,1.0,0.054545454545454536
0.13676975945017184,0.2,0.0,0.0,1.0,0.0,0.0,0.0,0.0,0.0,0.0,1.0,0.051515151515151514
0.10515463917525772,0.2,0.0,0.0,1.0,0.0,0.0,0.0,0.0,0.0,0.0,1.0,0.048484848484848464
0.012783505154639191,0.2,0.0,0.0,0.0,0.0,1.0,0.0,0.0,0.0,0.0,0.5,0.04545454545454544
0.15945017182130583,0.0,0.0,0.0,0.0,0.0,0.0,0.0,0.0,0.0,0.0,1.0,0.04545454545454544
0.15945017182130583,0.4000000000000001,0.0,0.3333333333333333,1.0,0.0,1.0,0.0,0.0,0.0,0.0,1.0,0.04545454545454544
0.020618556701030938,0.4000000000000001,0.0,0.0,0.0,0.0,0.0,1.0,0.0,0.0,0.0,1.0,0.04242424242424242
0.2508591065292096,0.4000000000000001,0.0,0.0,0.0,0.0,0.0,0.0,1.0,0.0,1.0,1.0,0.04181818181818181
0.09278350515463918,0.2,0.0,0.0,0.0,0.0,0.0,0.0,0.0,0.0,0.0,1.0,0.033333333333333326
0.05154639175257733,0.4000000000000001,0.0,0.3333333333333333,1.0,0.0,0.0,0.0,0.0,0.0,0.0,1.0,0.030303030303030304
0.09278350515463918,0.6000000000000001,0.0,0.3333333333333333,1.0,0.0,0.0,0.0,0.0,0.0,0.0,1.0,0.030303030303030304
0.11752577319587629,0.2,0.0,0.0,1.0,0.0,0.0,0.0,0.0,0.3333333333333333,0.0,1.0,0.030303030303030304
0.12164948453608246,0.8,0.0,0.3333333333333333,0.0,0.0,0.0,0.0,0.0,0.0,0.0,1.0,0.01818181818181816
0.0034364261168384896,0.4000000000000001,0.0,0.3333333333333333,1.0,0.0,0.0,0.0,0.0,0.0,0.0,1.0,0.012121212121212116
0.13738831615120273,0.2,0.0,0.0,1.0,0.0,0.0,0.0,0.0,0.0,0.0,1.0,0.012121212121212116
0.09209621993127148,0.2,0.0,0.0,0.0,0.0,0.0,0.0,0.0,0.3333333333333333,0.0,1.0,0.009090909090909066
0.09278350515463918,0.2,0.0,0.0,1.0,0.0,1.0,0.0,0.0,0.6666666666666666,0.0,1.0,0.006060606060606044
0.05154639175257733,0.4000000000000001,0.0,0.0,0.0,0.0,0.0,0.0,0.0,0.0,0.0,0.5,0.0014848484848484778
0.13539518900343642,0.2,0.0,0.0,1.0,0.0,0.0,0.0,0.0,0.0,0.0,1.0,0.0
0.0865979381443299,0.4000000000000001,0.0,0.0,0.0,0.0,0.0,0.0,0.0,0.0,0.0,0.0,0.0
0.1512027491408935,0.4000000000000001,0.0,0.3333333333333333,1.0,0.0,0.0,0.0,0.0,0.0,0.0,1.0,0.0
